weather_label,temperature,temp_app,humidity,wind_vel,wind_dir,visibility,atm_pres
0,17.2444444444444,17.2444444444444,0.41,14.8281,10,16.1,1012.66
0,13.7944444444444,13.7944444444444,0.43,17.871,319,15.8263,1016.34
0,13.8166666666667,13.8166666666667,0.51,20.0123,10,10.2557,1018.05
0,14.9722222222222,14.9722222222222,0.42,4.4436,183,9.982,1017.68
0,17.2222222222222,17.2222222222222,0.38,7.7119,315,10.2557,1016.18
0,17.8611111111111,17.8611111111111,0.37,17.5812,241,10.2557,1013.75
0,11.1388888888889,11.1388888888889,0.5,31.2823,321,10.2557,1014.08
0,12.1555555555556,12.1555555555556,0.5,26.7421,19,9.982,1017.76
0,12.0222222222222,12.0222222222222,0.74,22.0248,31,10.2557,1015.3
0,17.2,17.2,0.58,11.2539,10,16.1,1007.24
0,17.2722222222222,17.2722222222222,0.51,9.3863,111,10.2557,1004.65
1,17.7,17.7,0.43,3.1234,345,16.1,1013.81
0,14.0055555555556,14.0055555555556,0.71,15.456,130,9.982,1010.37
0,20.0222222222222,20.0222222222222,0.53,15.7297,139,9.982,1009.98
0,16.0388888888889,16.0388888888889,0.79,3.2683,209,9.6117,1012.88
0,19.9277777777778,19.9277777777778,0.64,9.2253,0,9.982,1017.54
1,17.2444444444444,17.2444444444444,0.8,7.7441,11,9.982,1013.02
1,16.0166666666667,16.0166666666667,0.79,14.1519,169,9.8049,1013.57
0,17.8222222222222,17.8222222222222,0.53,12.397,158,9.982,1013.77
0,20.0222222222222,20.0222222222222,0.44,17.5812,140,10.2557,1009.75
0,21.0166666666667,21.0166666666667,0.42,7.3899,280,16.1,1006.2
0,20.0888888888889,20.0888888888889,0.53,5.0232,32,9.982,1006.31
0,17.9166666666667,17.9166666666667,0.46,12.719,211,16.1,1011.52
0,18.0111111111111,18.0111111111111,0.72,8.6457,212,10.2557,1007.2
0,19.9666666666667,19.9666666666667,0.45,8.9999,161,16.1,1009.18
1,14.2055555555556,14.2055555555556,0.87,12.4775,61,9.982,1009.98
1,12.15,12.15,0.72,11.1895,179,10.2557,1018.97
0,15.1555555555556,15.1555555555556,0.62,11.109,50,9.982,1019.71
0,20.0444444444444,20.0444444444444,0.44,12.6546,207,16.1,1017.94
1,12.8277777777778,12.8277777777778,0.45,31.9424,311,10.2557,1016.97
0,27.2,28.3611111111111,0.6,4.7656,2,9.982,1010.02
0,28.7111111111111,29.2722222222222,0.5,9.7405,200,9.982,1016
0,29.9944444444444,32.5055555555556,0.58,12.6224,180,9.982,1012.77
0,27.6611111111111,28.3388888888889,0.53,10.9802,291,15.8263,1013.72
0,30.9,33.5722222222222,0.55,10.5777,170,9.982,1010.03
0,23.6333333333333,23.6333333333333,0.54,23.2967,349,9.982,1010.11
0,23.7944444444444,23.7944444444444,0.58,7.5187,281,9.982,1013.72
0,22.6388888888889,22.6388888888889,0.48,17.5812,319,10.2557,1015.25
0,22.2222222222222,22.2222222222222,0.49,11.0768,318,10.2557,1016.73
0,23.9555555555556,23.9555555555556,0.35,9.3863,199,16.1,1015.48
0,25.0666666666667,25.0666666666667,0.5,9.821,191,16.1,1013.97
0,29.9277777777778,30.6666666666667,0.48,7.567,9,9.982,1011.13
0,26.0611111111111,26.0611111111111,0.44,7.7763,66,15.8263,1013.73
0,19.75,19.75,0.84,11.2378,262,9.982,1014.39
0,22.6333333333333,22.6333333333333,0.51,10.7709,43,10.2557,1018.02
0,25.95,25.95,0.42,3.4132,97,15.8263,1015.51
0,21.1166666666667,21.1166666666667,0.59,31.4272,291,9.982,1013.04
0,19.9055555555556,19.9055555555556,0.38,9.2253,309,16.1,1020.8
0,24.7666666666667,24.7666666666667,0.48,17.2109,199,16.1,1011.3
0,21.0277777777778,21.0277777777778,0.8,9.8371,252,9.982,1010.09
0,21.1111111111111,21.1111111111111,0.42,4.6529,327,16.1,1020.48
0,22.8,22.8,0.38,9.4185,121,16.1,1020.99
0,29.8833333333333,30.4166666666667,0.47,1.8676,198,16.1,1012.62
0,25.0222222222222,25.0222222222222,0.42,12.3487,110,16.1,1018.8
0,27.15,26.7222222222222,0.35,15.0696,140,16.1,1014.21
0,22.7555555555555,22.7555555555555,0.73,3.3327,162,9.982,1014.41
0,27.7111111111111,28.55,0.55,8.05,359,9.982,1012.24
1,22.1166666666667,22.1166666666667,0.77,0.8211,26,9.982,1011.46
0,24.8388888888889,24.8388888888889,0.65,4.8139,305,9.982,1012.64
0,26.0611111111111,26.0611111111111,0.58,4.2504,192,9.982,1014.29
0,27.7777777777778,27.7388888888889,0.44,4.6368,214,9.982,1015.29
1,4.76111111111111,1.51666666666666,0.87,14.7154,98,9.6761,1015.75
1,3.86666666666667,0.744444444444446,0.82,12.8156,319,9.982,1021.59
1,3.93333333333333,1.22777777777778,0.75,10.787,212,15.8263,1019.98
0,1.52777777777778,-2.06666666666667,0.98,12.6546,180,0.9982,1022.29
0,7.8,4.92222222222222,0.71,17.3075,170,8.1305,1020.71
0,9.11111111111111,6.77777777777778,0.76,15.4077,161,8.1305,1022.23
1,8.86666666666667,7.11111111111111,0.72,11.0446,169,7.0357,1022.76
0,7.77777777777778,5.36111111111111,0.76,13.7494,140,15.7297,1016.1
2,7.75,5.95555555555556,0.89,10.0303,290,3.3649,0
2,7.82777777777778,5.60555555555556,0.76,12.558,212,7.2128,0
2,9.03888888888889,6.63333333333333,0.83,15.8746,202,7.084,0
1,3.77222222222222,1.27777777777778,0.92,9.7083,89,9.7083,1013.71
2,11.1111111111111,11.1111111111111,0.56,25.8888,319,9.982,0
2,7.25,3.04444444444444,0.6,29.4147,320,9.982,0
2,6.11111111111111,3.46666666666667,0.7,12.88,220,0,0
2,11.1111111111111,11.1111111111111,0.61,17.9354,270,0,0
2,10,7.8,0.77,16.1,210,0,0
2,8.88888888888889,6.85,0.71,12.8639,261,0,0
2,6.06111111111111,1.67777777777778,0.65,27.37,309,9.982,0
2,0,-3.56666666666667,0.47,11.0768,289,0,0
0,-2.17222222222222,-8.10555555555556,0.95,20.9461,31,1.2236,1006.4
2,-2.12222222222222,-8.9,0.54,27.2734,330,0,0
0,7.12777777777778,7.12777777777778,0.86,3.1395,359,9.982,1020.62
2,-3.88888888888889,-10.2777777777778,0.5,20.93,0,9.982,0
2,-4.95,-8.55,0.57,8.05,0,0,0
0,7.26666666666667,7.26666666666667,0.73,1.3202,353,14.9891,1022.19
0,7.22222222222222,7.22222222222222,0.8,3.6386,89,11.8013,1021
1,7.2,5.79444444444444,0.93,7.7602,4,3.6547,1018.33
1,7.15,5.18333333333333,0.94,10.3201,210,5.957,1017.09
1,7.08333333333333,7.08333333333333,0.87,3.5259,321,7.8407,1016.04
1,3.96111111111111,-0.816666666666666,0.88,25.116,11,10.2557,1018.11
0,-1.20555555555556,-8.41666666666667,0.64,33.8422,149,16.1,1024.44
0,9.99444444444445,7.37222222222222,0.7,20.1411,220,16.1,1012.84
0,13.7944444444444,13.7944444444444,0.64,11.7852,162,10.2557,1007.49
0,12.4611111111111,12.4611111111111,0.65,24.6974,171,10.0786,1003.09
0,8.93333333333333,5.86111111111111,0.65,21.9121,221,9.982,1011.72
0,8.88888888888889,5.23888888888889,0.66,28.6902,320,9.982,1010.23
0,8.93888888888889,6.83333333333333,0.58,13.4274,170,16.1,1018.63
0,15.9666666666667,15.9666666666667,0.48,17.2592,281,16.1,1015.26
0,8.83888888888889,6.65555555555555,0.83,13.8299,11,9.982,1017.47
0,8.88888888888889,8.88888888888889,0.71,3.1234,129,9.982,1024.98
1,12.6,12.6,0.73,7.8568,170,6.118,1015.69
0,2.08333333333333,-2.97777777777778,0.65,23.023,148,16.1,1021.09
0,9.92777777777778,9.03888888888889,0.82,7.5187,343,9.0643,1017.63
1,9.83333333333334,8.53888888888889,0.84,9.4829,118,4.3631,1014.59
1,8.75,8.75,0.89,2.2862,144,3.9284,1014.16
1,7.34444444444444,4.73888888888889,0.92,14.3773,40,3.8318,1020.54
0,9.02777777777778,9.02777777777778,0.76,4.669,339,9.982,1023.11
0,7.89444444444445,6.27777777777778,0.76,9.2414,180,9.7083,1022.86
0,8.98333333333333,7.2,0.63,11.3344,149,16.0517,1023.46
0,11,11,0.62,12.8317,150,9.982,1022.37
0,11.0388888888889,11.0388888888889,0.67,7.6958,162,9.9015,1012.68
2,2.75555555555556,-0.477777777777777,0.61,12.1555,129,15.8263,1025.28
2,1.06111111111111,-3.23333333333333,0.69,15.8424,130,16.1,1025.2
0,2.17222222222222,-2.03888888888889,0.72,16.9694,128,6.9874,1018.97
1,2.15,-0.0999999999999998,0.85,7.6797,150,7.8729,1015.23
0,2.71111111111111,-0.638888888888888,1,12.6868,159,0.322,1015.23
0,9.75,8.69444444444444,0.78,8.1305,142,9.6922,1010.44
0,12.6611111111111,12.6611111111111,0.72,15.1662,150,16.1,1004.08
0,5.02222222222222,1.72222222222222,0.76,15.4721,159,9.982,1022.59
1,5.11111111111111,1.80555555555556,1,15.6492,280,9.7566,1018.29
0,7.79444444444445,5.86666666666667,0.76,10.7548,161,9.982,1021.31
0,7.26666666666667,3.82222222222222,0.59,21.1554,301,9.982,1023.29
0,8.79444444444444,6.38333333333333,0.41,15.4882,190,15.8263,1019.96
0,8.73333333333333,5.33333333333333,0.55,24.9067,159,16.1,1012.79
1,5.02222222222222,2.17777777777778,0.93,12.6868,310,6.0214,1011.05
0,7.15,5.32777777777778,0.72,9.5795,160,9.9015,1017.16
0,11.05,11.05,0.61,16.9694,162,10.2557,1012.85
0,11.0833333333333,11.0833333333333,0.72,12.2199,150,9.9015,1012.65
0,12.7222222222222,12.7222222222222,0.72,23.1679,160,10.2074,1009.24
0,6.03888888888889,2.37222222222222,0.7,20.2216,169,11.9784,1017.77
0,12.1055555555556,12.1055555555556,0.8,15.5043,160,15.8263,1003.67
1,8.86666666666667,7.58333333333333,0.83,8.5169,158,9.982,1003.91
1,4.97222222222222,0.816666666666666,0.76,21.9604,299,9.9015,1011.04
1,2.8,0.605555555555557,0.76,7.8568,319,9.7566,1018.8
1,-0.0722222222222216,-5.95555555555556,0.75,24.7779,50,9.982,1013.95
0,-3.84444444444444,-8.21666666666667,0.91,11.1734,0,2.5921,1012.34
0,-6.11111111111111,-6.11111111111111,0.88,4.7817,5,5.2164,1013.41
1,-3.96111111111111,-3.96111111111111,0.75,3.1073,94,3.9606,1008.31
1,-2.73333333333333,-2.73333333333333,0.78,4.6851,150,4.3631,1005.67
1,-2.73333333333333,-6.33888888888889,0.85,9.2736,169,3.8962,1010.26
0,7.71111111111111,5.8,0.83,10.5938,188,4.9427,1020.86
0,-1.03888888888889,-7.2,0.75,24.8262,129,9.8532,1022.04
0,-3.83888888888889,-12.3333333333333,0.74,38.1892,140,10.2074,1026.03
0,8.91111111111111,6.97222222222222,0.77,12.2521,169,7.0357,1021.46
0,11.1555555555556,11.1555555555556,0.66,24.7779,160,16.1,1010.42
1,7.52222222222222,7.52222222222222,0.92,4.7656,292,3.6869,1019.9
0,7.17777777777778,5.36111111111111,0.93,9.5634,178,0.483,1025.16
0,3.98333333333333,3.98333333333333,1,1.6583,253,1.2558,1026.1
0,3.86666666666667,2.85555555555556,1,4.8944,143,0.322,1022.78
0,22.2444444444444,22.2444444444444,0.52,11.1412,318,9.982,1018.01
0,23.7944444444444,23.7944444444444,0.54,9.1931,29,16.1,1006.12
1,17.2666666666667,17.2666666666667,0.87,10.2074,232,3.6064,1003.12
0,22.7777777777778,22.7777777777778,0.57,23.5865,310,9.982,1006.94
0,24.6833333333333,24.6833333333333,0.49,6.3595,209,16.1,1012.22
0,26.0666666666667,26.0666666666667,0.47,4.6046,132,9.982,1013.42
0,27.7111111111111,28.3888888888889,0.53,11.0124,2,9.982,1015.15
0,28.8444444444444,29.3,0.49,17.1626,351,16.1,1015.57
0,27.8,27.9277777777778,0.46,17.2914,11,10.2557,1016.25
0,27.0666666666667,27.7777777777778,0.55,12.3809,1,9.982,1015.99
0,28.8166666666667,28.7222222222222,0.43,13.9909,1,16.1,1016.13
0,26.1111111111111,26.1111111111111,0.3,11.27,132,16.1,1021.06
0,31.0611111111111,31.0777777777778,0.41,3.3005,220,16.1,1014.9
0,31.1333333333333,31.8555555555556,0.45,17.1626,181,16.1,1008.38
0,22.1277777777778,22.1277777777778,0.77,9.1609,91,9.7566,1009.31
1,19.9277777777778,19.9277777777778,0.84,15.8746,352,9.982,1008.07
0,25.95,25.95,0.51,10.9802,232,9.982,1009.63
0,27.7333333333333,27.45,0.4,7.7602,347,16.1,1013.2
0,27.9166666666667,28,0.46,4.5724,111,10.2557,1013.61
1,20.2944444444444,20.2944444444444,0.85,1.7227,227,9.982,1014.46
0,22.1777777777778,22.1777777777778,0.81,9.5634,128,9.982,1012.24
0,26.0166666666667,26.0166666666667,0.65,4.83,189,9.982,1010.3
0,22.2166666666667,22.2166666666667,0.53,24.633,339,9.982,1023.13
0,27.8222222222222,29.0833333333333,0.59,23.0713,138,9.982,1008.07
0,21.25,21.25,0.81,9.5151,130,9.982,1010.26
0,25.0222222222222,25.0222222222222,0.32,4.347,76,16.1,1022.88
0,27.1944444444444,26.7277777777778,0.34,23.1035,151,16.1,1011.89
0,28.8888888888889,28.5055555555556,0.4,9.2414,169,16.1,1013.52
0,31.1333333333333,30.8055555555556,0.38,7.406,152,10.2557,1015.47
0,27.4333333333333,28.5944444444444,0.59,14.1036,150,9.982,1008.89
0,19.9722222222222,19.9722222222222,0.84,7.3899,0,9.982,1005.14
1,17.7833333333333,17.7833333333333,0.53,12.7995,291,9.982,1013.62
0,32.7555555555555,31.5444444444444,0.29,7.6314,331,16.1,1018.12
0,31.1055555555556,30.4,0.35,10.626,20,16.1,1017.93
0,28.9777777777778,27.9111111111111,0.31,9.3541,352,16.1,1018.61
0,27.1111111111111,27.0166666666667,0.41,20.286,300,10.2557,1015.05
1,22.2666666666667,22.2666666666667,0.39,10.0303,276,10.2557,1012.6
0,23.8388888888889,23.8388888888889,0.33,13.8943,40,16.1,1014.77
0,21.0944444444444,21.0944444444444,0.41,11.0446,11,10.2557,1016.15
1,17.2666666666667,17.2666666666667,0.86,9.3702,12,8.1305,1015.44
0,24.0277777777778,24.0277777777778,0.44,14.168,50,10.2557,1015.53
0,26.0833333333333,26.0833333333333,0.26,13.846,39,10.2557,1011.93
0,19.95,19.95,0.45,9.5795,261,9.982,1015.1
0,24.7666666666667,24.7666666666667,0.33,32.683,311,16.1,1009.32
0,21.1333333333333,21.1333333333333,0.35,12.9605,338,16.1,1015.02
0,23.9555555555556,23.9555555555556,0.34,8.3076,253,16.1,1018.76
0,27.7333333333333,27.0722222222222,0.34,12.7995,299,10.2557,1017.92
0,21.0222222222222,21.0222222222222,0.64,2.898,64,9.982,1014.23
1,16.0666666666667,16.0666666666667,0.93,8.9677,350,4.2987,1009.3
0,19.95,19.95,0.49,31.3467,290,9.982,1013.6
0,22.2666666666667,22.2666666666667,0.46,12.2199,352,10.2557,1018.33
0,25.0222222222222,25.0222222222222,0.32,8.0822,126,16.1,1019.37
0,27.8444444444444,27.7222222222222,0.43,17.1787,209,16.1,1012.63
0,20.9944444444444,20.9944444444444,0.53,3.22,330,9.982,1015.7
1,23.5277777777778,23.5277777777778,0.6,15.2628,213,15.8263,1006.99
0,22.7277777777778,22.7277777777778,0.33,7.406,340,16.1,1012.41
0,26.0611111111111,26.0611111111111,0.3,2.9302,256,16.1,1014.19
0,26.0888888888889,26.0888888888889,0.39,10.8675,310,16.1,1017.54
0,27.7111111111111,27.3166666666667,0.38,13.9909,351,16.1,1017.64
0,29.95,29.0277777777778,0.34,11.9623,351,16.1,1019.83
0,31.0833333333333,30.0555555555556,0.32,15.4721,359,16.1,1020.03
0,11.1555555555556,11.1555555555556,0.61,17.0499,139,15.8263,1008.87
0,11.0666666666667,11.0666666666667,0.39,7.7763,29,16.1,1027.81
0,13.8666666666667,13.8666666666667,0.22,9.2092,342,16.1,1025.42
0,15,15,0.33,20.0123,11,16.1,1029.35
2,14.8611111111111,14.8611111111111,0.29,12.0428,0,16.1,1030.14
2,17.2222222222222,17.2222222222222,0.25,9.1931,213,16.0517,1025.39
0,19.9055555555556,19.9055555555556,0.27,23.3128,231,15.9229,1011.07
0,11.2222222222222,11.2222222222222,0.54,42.5201,269,9.982,1009.55
0,17.7944444444444,17.7944444444444,0.4,46.6095,300,16.1,1015.91
0,17.2222222222222,17.2222222222222,0.38,17.5329,292,16.1,1018.87
1,13.8722222222222,13.8722222222222,0.45,33.4236,300,10.2557,1017.93
1,8.86111111111111,8.86111111111111,0.67,4.4275,325,11.9784,1003.03
0,18.8166666666667,18.8166666666667,0.33,13.1698,289,16.1,1026.29
0,19.9277777777778,19.9277777777778,0.31,27.692,169,16.1,1020.67
0,22.1277777777778,22.1277777777778,0.27,25.0677,202,16.1,1013.63
0,19.9944444444444,19.9944444444444,0.37,25.0999,160,16.1,1007.12
1,8.83888888888889,8.83888888888889,0.89,0.5796,139,9.8532,1006.71
0,10.1166666666667,10.1166666666667,0.6,15.939,291,10.2557,1009.29
0,12.2666666666667,12.2666666666667,0.56,15.617,61,9.982,1013.32
0,15.0888888888889,15.0888888888889,0.51,21.8316,109,9.982,1013.4
1,16.1833333333333,16.1833333333333,0.44,11.3666,68,10.2557,1013.11
0,17.8722222222222,17.8722222222222,0.39,20.4309,10,16.1,1021.42
1,8.79444444444444,6.55555555555555,0.77,14.168,120,9.982,1001.29
0,17.8,17.8,0.33,4.8622,168,16.1,1019.88
0,19.0055555555555,19.0055555555555,0.36,9.4668,202,16.1,1012.96
0,8.96111111111111,6.97777777777778,0.71,12.5902,80,9.982,1001.71
0,9.92777777777778,7.26666666666667,0.82,20.3826,9,9.982,1008.87
1,12.1777777777778,12.1777777777778,0.66,25.1321,29,9.982,1019.57
1,7.80555555555555,5.55,0.82,12.7351,40,10.2557,1024.64
0,12.8722222222222,12.8722222222222,0.59,17.2753,339,9.982,1028.45
0,13.8166666666667,13.8166666666667,0.47,31.9907,32,15.8263,1030.5
0,19.0944444444445,19.0944444444445,0.56,3.1073,352,9.982,1008.99
0,22.1277777777778,22.1277777777778,0.39,28.4004,310,10.2557,1014.86
0,23.6777777777778,23.6777777777778,0.46,10.8675,190,16.1,1009.74
0,17.0833333333333,17.0833333333333,0.48,20.7207,291,9.982,1013.82
1,16.1611111111111,16.1611111111111,0.48,21.091,149,10.2557,1013.59
1,12.7611111111111,12.7611111111111,0.82,24.2949,359,9.982,1008.26
1,11.0444444444444,11.0444444444444,0.93,32.9084,330,4.991,1002.55
1,12.3555555555556,12.3555555555556,0.8,15.3594,128,9.982,1007.37
0,16.0722222222222,16.0722222222222,0.59,5.152,279,9.982,1013.2
0,16.1333333333333,16.1333333333333,0.67,12.6868,169,9.982,1017.75
0,21.1333333333333,21.1333333333333,0.46,15.6009,161,10.2557,1018.37
0,20.0666666666667,20.0666666666667,0.57,9.4024,138,9.982,1009.76
0,23.8611111111111,23.8611111111111,0.33,9.0643,80,10.2557,1017.81
0,25.0944444444444,25.0944444444444,0.49,9.6439,148,16.1,1020.08
0,27.2444444444444,26.9944444444444,0.39,14.2807,149,16.1,1017.47
0,27.2222222222222,27.1,0.41,17.0338,121,16.1,1014.57
0,25.0722222222222,25.0722222222222,0.54,8.8711,160,16.1,1013.67
0,24.95,24.95,0.55,7.3577,159,9.982,1017.41
0,25.0444444444444,25.0444444444444,0.51,7.4704,128,9.982,1014.11
0,23.8833333333333,23.8833333333333,0.58,11.0446,221,9.982,1010.2
0,22.2666666666667,22.2666666666667,0.49,20.3021,219,10.2557,1009.35
0,20.9,20.9,0.44,11.2217,272,9.982,1010
1,18.8888888888889,18.8888888888889,0.61,12.236,118,9.982,1008.72
1,13.9555555555556,13.9555555555556,0.71,21.8799,300,9.982,1012.15
1,14.9277777777778,14.9277777777778,0.61,14.007,348,9.982,1014.67
1,11.0277777777778,11.0277777777778,0.77,31.2823,9,9.982,1007.65
0,13.9111111111111,13.9111111111111,0.45,24.4881,20,10.2557,1017.58
0,17.2222222222222,17.2222222222222,0.39,12.5902,200,16.1,1022.65
0,21.0833333333333,21.0833333333333,0.46,17.0177,189,16.1,1017.23
0,16.7833333333333,16.7833333333333,0.69,11.3988,261,15.8263,1018.09
0,22.2222222222222,22.2222222222222,0.39,3.8479,48,16.1,1017.4
0,10,9.77777777777778,0.77,4.9749,201,6.118,1027.52
0,15.9,15.9,0.74,9.3219,160,7.8729,1019.5
0,15.95,15.95,0.68,12.3487,128,8.05,1018.4
0,14.8611111111111,14.8611111111111,0.68,14.1519,149,14.9086,1012.48
1,13.7722222222222,13.7722222222222,0.68,8.2271,62,14.7315,1011.42
0,12.7777777777778,12.7777777777778,0.77,4.0411,352,14.812,1017.21
0,13.8388888888889,13.8388888888889,0.67,23.3289,149,9.982,1015.74
1,9.93333333333333,7.77222222222222,0.78,15.617,151,9.982,1011.19
0,9.93333333333333,8.58888888888889,0.83,9.8854,140,9.982,1011.31
0,11.0388888888889,11.0388888888889,0.81,17.0821,178,9.982,1010.15
0,7.89444444444445,6.65555555555555,0.96,7.5187,283,2.5277,1015.02
0,12.1722222222222,12.1722222222222,0.58,3.0107,127,7.9051,1025.5
1,8.93888888888889,6.38333333333333,0.83,16.9372,330,9.982,1022.74
0,7.19444444444445,4.93333333333334,0.79,11.9945,243,7.9051,1025.52
1,7.26666666666667,7.26666666666667,0.73,3.22,180,6.0053,1027.91
0,7.77777777777778,7.77777777777778,0.59,4.6207,71,9.9015,1031.11
0,7.75555555555556,6.46666666666667,0.54,7.6475,156,9.982,1028.23
1,4.99444444444445,2.25,0.76,12.1072,72,10.0786,1028.69
1,2.93333333333333,2.93333333333333,0.95,1.932,135,4.4436,1025.9
0,4.78888888888889,1.68888888888889,0.66,13.8943,118,6.1663,1021.72
1,2.75,-0.538888888888888,0.96,12.4131,90,4.347,1020.01
0,4.87777777777778,2.27777777777778,0.93,11.2217,50,1.771,1019.44
0,12.15,12.15,0.66,17.2109,149,7.0357,1020.98
0,3.74444444444444,3.74444444444444,0.93,4.7495,121,0.3381,1019.13
2,15.0944444444444,15.0944444444444,0.62,17.388,151,8.1305,1015.33
2,17.8666666666667,17.8666666666667,0.56,22.0892,160,9.982,1012.71
0,17.1277777777778,17.1277777777778,0.64,19.7869,150,14.9086,1015.46
0,21.0833333333333,21.0833333333333,0.57,20.3665,159,15.8263,1013.16
0,16.0944444444444,16.0944444444444,0.68,14.3451,106,9.982,1014.1
1,12.7777777777778,12.7777777777778,0.9,8.0339,209,6.8264,1016.38
0,22.1555555555555,22.1555555555555,0.44,3.1878,118,16.1,1024.52
2,22.2666666666667,22.2666666666667,0.59,15.5526,151,16.1,1019.74
2,22.2,22.2,0.59,14.0231,151,16.0517,1017.76
0,22.2666666666667,22.2666666666667,0.59,7.5187,143,16.1,1016.68
0,23.9111111111111,23.9111111111111,0.62,12.8639,161,8.372,1014.93
0,27.0611111111111,26.9888888888889,0.42,20.1733,241,15.8263,1012.46
1,17.0833333333333,17.0833333333333,0.94,8.8228,13,9.6761,1010.75
1,16.1388888888889,16.1388888888889,0.99,4.4114,337,4.6207,1011.22
1,17.1277777777778,17.1277777777778,0.94,7.6797,220,5.9248,1011.87
0,18.8166666666667,18.8166666666667,0.68,20.1572,339,9.982,1024.24
0,16.8055555555556,16.8055555555556,0.74,11.1412,152,10.0786,1028.15
1,16.2722222222222,16.2722222222222,0.86,12.3487,10,9.982,1025.33
0,20.9722222222222,20.9722222222222,0.64,13.6367,241,10.2557,1020.08
0,17.1722222222222,17.1722222222222,0.81,1.1592,220,8.1305,1012.5
1,8.89444444444444,4.95555555555556,0.89,32.7796,310,9.9015,1003.24
1,7.82777777777778,7.82777777777778,0.96,0.7567,22,8.1305,1006.04
1,7.70555555555556,5.68333333333333,1,11.2217,31,4.0733,1016.16
0,9.86111111111111,7.90555555555555,0.77,13.8138,0,10.2557,1024.96
0,9.92777777777778,9.92777777777778,0.67,4.2665,208,9.9015,1030
0,7.43333333333333,6.88333333333333,0.97,4.9266,341,4.1055,1032.01
0,11,11,0.51,4.1538,201,16.0517,1027.81
0,8.86666666666667,8.86666666666667,0.63,4.6529,102,9.982,1023.42
1,15.0444444444444,15.0444444444444,0.79,13.2664,168,9.8049,1026.29
1,9.97222222222222,9.03333333333333,0.71,7.7763,359,7.9051,1025.91
0,12.1055555555556,12.1055555555556,0.66,4.4436,301,6.118,1027.55
1,13.8833333333333,13.8833333333333,0.83,7.8246,149,7.9695,1023.79
0,17.6555555555556,17.6555555555556,0.51,12.8478,121,9.982,1021.09
0,18.7944444444444,18.7944444444444,0.41,12.9283,112,16.1,1020.7
0,17.7555555555556,17.7555555555556,0.65,23.0713,159,9.982,1020.56
0,18.7666666666667,18.7666666666667,0.66,20.2538,151,16.1,1022.17
0,21.0833333333333,21.0833333333333,0.59,14.2968,169,16.1,1020.04
0,24.6388888888889,24.6388888888889,0.48,14.9247,118,9.982,1007.97
0,24.4,24.4,0.66,16.6152,330,14.6832,1013.51
0,22.5277777777778,22.5277777777778,0.72,12.075,149,9.8532,1010.26
1,17.2888888888889,17.2888888888889,0.92,6.2951,226,9.0643,1014.19
0,21.0388888888889,21.0388888888889,0.79,7.5026,128,9.7083,1015.12
0,19.9277777777778,19.9277777777778,0.84,12.2521,156,9.982,1014.93
0,17.8944444444444,17.8944444444444,0.89,7.6475,157,9.982,1016.62
0,21.0666666666667,21.0666666666667,0.6,4.4919,97,9.982,1018.85
0,20.0444444444444,20.0444444444444,0.6,7.9051,170,9.982,1020.4
0,22.7111111111111,22.7111111111111,0.48,14.49,140,16.1,1020.7
0,19.9722222222222,19.9722222222222,0.61,15.6331,150,16.1,1020.48
0,23.6888888888889,23.6888888888889,0.59,13.041,341,15.8263,1009.89
0,21.3222222222222,21.3222222222222,0.72,10.6582,164,15.8263,1016.24
0,23.7944444444444,23.7944444444444,0.74,12.3487,242,9.982,1012.82
1,17.2,17.2,0.74,24.5686,311,9.982,1009.25
0,15.9944444444444,15.9944444444444,0.52,25.438,320,9.982,1013.87
0,16.0611111111111,16.0611111111111,0.37,4.2826,33,10.2557,1020.89
0,16.25,16.25,0.71,8.1627,151,10.2557,1017.08
0,17.6666666666667,17.6666666666667,0.6,15.6331,321,9.982,1019.46
0,17.7777777777778,17.7777777777778,0.5,12.1877,350,9.982,1025.33
0,19.9277777777778,19.9277777777778,0.45,8.6618,343,15.8263,1029.23
0,21.0888888888889,21.0888888888889,0.49,9.2736,132,16.1,1030.27
0,27.5333333333333,27.7166666666667,0.47,5.4096,52,16.1,1010.6
0,21.1333333333333,21.1333333333333,0.49,3.22,165,16.1,1025.9
1,23.7555555555556,23.7555555555556,0.58,9.8532,33,9.982,1014.56
0,22.2,22.2,0.6,13.4757,99,9.982,1015.33
0,22.6,22.6,0.58,13.7816,109,16.1,1014.04
1,21.05,21.05,0.78,11.0929,8,16.1,1015.14
0,25.9777777777778,25.9777777777778,0.48,9.3541,292,10.2557,1016.74
0,27.0611111111111,27.3111111111111,0.47,1.7388,209,10.2557,1016.32
0,12.1277777777778,12.1277777777778,0.46,34.9692,299,9.982,1010.27
0,17.2222222222222,17.2222222222222,0.24,4.8783,118,16.1,1029.18
0,18.9777777777778,18.9777777777778,0.37,4.9266,216,16.1,1023.25
0,22.1777777777778,22.1777777777778,0.33,14.2968,358,16.1,1026.43
0,22.2166666666667,22.2166666666667,0.33,16.0356,278,10.2557,1025.49
0,14.8833333333333,14.8833333333333,0.29,20.8656,328,16.1,1027.36
0,21.1833333333333,21.1833333333333,0.3,13.0571,263,16.1,1021.27
0,23.9111111111111,23.9111111111111,0.29,24.7779,221,16.1,1014.87
0,22.1777777777778,22.1777777777778,0.33,31.1857,249,16.1,1010.59
1,12.1333333333333,12.1333333333333,0.57,9.66,322,15.8263,1015.74
0,11.1333333333333,11.1333333333333,0.39,7.3094,214,10.2557,1022.49
0,11.0388888888889,11.0388888888889,0.38,23.2645,269,10.2557,1014.74
0,15.0222222222222,15.0222222222222,0.36,34.5667,300,16.1,1016.05
0,13.8888888888889,13.8888888888889,0.43,12.9283,283,16.1,1020.63
0,17.1944444444444,17.1944444444444,0.34,16.6474,30,16.1,1021.35
0,18.9555555555556,18.9555555555556,0.28,14.1197,141,16.1,1020.26
0,20.1611111111111,20.1611111111111,0.35,9.177,169,10.2557,1016.57
0,21.1388888888889,21.1388888888889,0.48,9.9176,179,10.2557,1017.07
0,21.1777777777778,21.1777777777778,0.42,17.8871,210,16.1,1012.03
0,23.3555555555556,23.3555555555556,0.37,17.5812,191,16.1,1009.83
0,21.0888888888889,21.0888888888889,0.48,12.1716,160,10.2557,1004.11
1,7.88888888888889,4.15,0.88,26.0981,311,9.9015,1018.45
0,7.75555555555556,3.13333333333333,0.49,37.6418,310,9.982,1017.07
0,17.1277777777778,17.1277777777778,0.37,4.8622,52,16.1,1018.59
0,11.0611111111111,11.0611111111111,0.32,4.5402,216,10.2557,1014.68
0,9.97222222222222,7.03333333333333,0.49,23.6187,41,9.982,1013.96
0,9.86111111111111,6.67222222222222,0.34,26.3557,0,10.2557,1016.9
0,9.92777777777778,6.18888888888889,0.37,34.8404,21,10.2557,1024.41
0,10.9944444444444,10.9944444444444,0.4,15.4399,20,9.982,1023.95
0,14.9055555555556,14.9055555555556,0.34,23.3289,10,10.2557,1029.48
0,25.1166666666667,25.1166666666667,0.33,8.8067,14,16.1,1018.39
0,32.7333333333333,30.7944444444444,0.22,9.1448,157,16.1,1014.48
0,32.8222222222222,31.7333333333333,0.3,7.6636,142,16.1,1013.39
2,35.0222222222222,34.2111111111111,0.28,7.9856,39,16.1,1015.11
2,35.95,35.9222222222222,0.29,10.8514,2,16.1,1013.65
2,33.8166666666667,33.4111111111111,0.32,7.7441,33,16.1,1011.43
0,33.9333333333333,33.5111111111111,0.32,7.5831,149,16.1,1007.9
0,29.9,30.0333333333333,0.44,8.7906,12,16.1,1008.1
1,24.8388888888889,24.8388888888889,0.7,10.6421,142,9.8049,1006.42
1,19.9333333333333,19.9333333333333,0.84,23.3128,271,9.7566,1011.04
0,22.1055555555556,22.1055555555556,0.69,3.2844,269,9.982,1013.83
1,29.8444444444444,30.5888888888889,0.48,17.1465,138,9.982,1017.61
1,18.7444444444444,18.7444444444444,0.91,0.3864,21,9.8049,1017.36
1,16.3388888888889,16.3388888888889,0.91,11.0768,12,10.2557,1021.93
1,18.8166666666667,18.8166666666667,0.79,9.2897,50,9.982,1019.73
0,22.1277777777778,22.1277777777778,0.6,4.7495,111,9.982,1017.21
0,26.0388888888889,26.0388888888889,0.48,14.49,150,9.982,1017.26
0,26.9944444444444,27.3166666666667,0.48,14.0714,181,16.1,1016.33
0,22.7166666666667,22.7166666666667,0.66,7.7441,272,15.8263,1020.82
2,27.7555555555555,28.1222222222222,0.49,8.05,112,16.1,1019.39
0,31.0666666666667,30.4611111111111,0.36,12.3648,191,16.1,1018.68
0,32.15,32.7777777777778,0.41,7.7602,51,16.1,1022.23
0,28.8611111111111,30.1222222222222,0.55,13.8138,157,9.982,1017.72
0,32.8,33.4277777777778,0.4,7.9212,140,16.1,1021.99
0,32.7333333333333,33.5777777777778,0.41,14.1519,151,15.1823,1017.48
0,27.9333333333333,29.6222222222222,0.62,4.0411,11,9.982,1016.47
0,32.2,32.8111111111111,0.41,7.728,20,10.2557,1016.41
2,32.1222222222222,32.7,0.41,9.5473,9,16.1,1016.63
0,32.1944444444444,32.2944444444444,0.39,7.8729,72,16.1,1017.99
0,33.8611111111111,32.8277777777778,0.28,10.9319,180,16.1,1019.09
0,32.2,31.0611111111111,0.3,12.3809,172,16.1,1018.28
0,12.2666666666667,12.2666666666667,0.66,14.5544,245,9.982,1018.78
1,5.07222222222222,2.85555555555556,0.86,9.5634,9,9.9015,1036.34
0,7.22222222222222,7.22222222222222,0.79,1.6583,193,9.982,1032.61
0,0.211111111111112,-2.43333333333333,1,7.889,192,0.3864,1028.06
0,-0.0222222222222217,-3.55555555555555,1,10.9319,209,0.3381,1022.51
1,2.19444444444445,0.961111111111109,1,4.8944,91,5.8926,1028.31
0,1.01666666666667,-2.22777777777778,0.92,10.5938,180,3.0107,1029.91
1,2.22222222222222,-1.18888888888889,0.86,12.4936,10,3.9767,1032.94
1,1.13333333333333,-2.16666666666667,0.92,10.9158,190,4.9105,1035.67
1,2.75555555555556,-0.805555555555555,0.89,13.8943,200,7.8729,1028.78
0,4.90555555555556,4.90555555555556,0.87,4.7012,333,3.0107,1029.65
0,7.8,5.57222222222222,0.76,12.5741,252,9.982,1028.52
1,4.90555555555556,4.90555555555556,0.87,1.9964,120,7.8085,1033.11
0,3.81666666666666,1.36666666666667,0.93,9.5634,178,0.644,1031.07
0,3.12222222222222,3.12222222222222,1,4.4758,147,0.5313,1034.24
0,10.0944444444444,10.0944444444444,0.77,8.05,180,4.9427,1030.29
0,1.3,1.3,0.99,4.4919,346,2.6404,1032.9
0,2.82777777777778,-0.466666666666667,1,12.5258,319,0.6762,1034.65
0,2.75555555555556,-0.505555555555556,1,12.3165,181,0.7889,1035.18
0,2.15555555555556,-0.46111111111111,0.92,8.9838,340,0.161,1033.14
0,-0.0222222222222217,-0.0222222222222217,0.92,3.1717,222,0.0322,1033.1
1,2.34444444444444,-1.81666666666667,0.99,16.8889,21,8.1305,1032.23
0,9.90555555555556,9.66111111111111,0.84,5.0071,318,8.9677,1032.31
0,1.13333333333333,-4.43888888888889,0.58,25.0677,30,10.2557,1036.48
0,-1.08888888888889,-4.39444444444444,0.63,9.2897,147,16.1,1036
0,6.11666666666667,4.53333333333333,0.99,7.728,102,1.61,1033.6
1,6.03888888888889,6.03888888888889,0.86,1.4812,313,6.8264,1037.61
1,4.95555555555556,1.61111111111111,0.93,15.6653,180,3.4454,1036.08
1,3.84444444444444,3.84444444444444,0.92,0.1449,340,3.9123,1038.72
1,4.95555555555556,4.95555555555556,0.87,1.6583,114,6.9391,1038.51
1,4.90555555555556,4.90555555555556,0.87,4.8139,182,5.8926,1034.71
1,2.17777777777778,-1.23333333333333,0.7,12.4292,3,10.2074,991.16
0,2.36111111111111,1.11666666666667,0.79,4.9749,7,8.1305,1022.45
1,5.02777777777778,5.02777777777778,0.76,4.0572,0,9.7566,1027
0,3.98333333333333,1.92777777777778,0.63,8.0822,148,10.2557,1030.77
2,6.06666666666667,6.06666666666667,0.5,3.4776,66,8.1305,1027.51
2,7.71111111111111,5.04444444444444,0.5,15.4721,141,16.0517,1020.78
2,7.73333333333333,4.48888888888889,0.49,20.3987,139,16.1,1019.79
2,7.70555555555556,7.70555555555556,0.58,2.8497,347,9.982,1025.1
0,2.71111111111111,-1.07777777777778,0.62,15.1179,89,9.982,1036.45
2,4.97777777777778,2.45555555555556,0.43,10.9319,340,16.1,1041.12
0,2.85,-0.744444444444444,0.69,14.1841,270,8.1305,1034.3
0,2.75555555555556,-0.538888888888888,0.83,12.4453,234,9.6761,998.82
2,7.24444444444444,5.81111111111111,0.5,7.889,218,8.1305,1025.77
0,10.0722222222222,10.0722222222222,0.49,13.0571,191,6.3917,1012.62
0,12.1722222222222,12.1722222222222,0.53,30.6705,149,12.2199,1006.98
1,9.83888888888889,8.08888888888889,0.87,12.2843,180,4.4436,1006.8
0,12.0222222222222,12.0222222222222,0.73,10.9963,169,9.6761,1004.94
1,8.89444444444444,6.42222222222222,0.83,16.1483,351,6.2951,1008.99
1,7.12777777777778,4.34444444444445,0.86,15.3433,272,3.4454,1017.34
0,7.73333333333333,6.18333333333334,0.76,8.7906,33,8.05,1015.24
1,7.2,4.85,0.86,12.5258,341,4.991,1018.63
0,5,2.23888888888889,0.58,12.1877,209,9.982,1007.98
1,2.75555555555556,-1.82777777777778,0.89,20.5919,148,8.1305,1006.33
1,2.85,-1.23888888888889,0.81,17.227,31,7.4543,1016.17
1,1.04444444444445,-5.38333333333333,0.78,33.0372,31,9.982,1012.32
1,-0.944444444444444,-4.66111111111111,0.74,10.8997,342,10.2557,1024.52
0,2.27222222222222,-3.66666666666667,0.72,31.9263,291,9.982,1007.15
0,0.0444444444444434,-3.84444444444444,0.58,12.5097,310,9.982,1019.12
2,-4.9,-10.5888888888889,0.68,15.7136,210,9.982,0
0,6.31666666666667,4.38888888888889,0.99,9.338,176,2.737,1012.73
0,7.15,4.3,0.57,15.8263,6,15.7297,1011.82
0,7.22222222222222,3.07777777777778,0.64,28.658,310,9.982,1024.72
0,6.37222222222222,3.22777777777778,0.64,16.6635,181,13.1859,1025.83
0,7.29444444444445,5.07222222222222,0.7,11.8818,189,7.2128,1018.76
0,7.82222222222222,5.58888888888889,0.47,12.6385,292,16.1,1022.27
0,8.86111111111111,5.77222222222222,0.63,21.8799,160,16.0517,1020.3
1,7.78333333333333,4.93888888888889,0.68,16.9694,160,16.1,1016.96
1,7.91666666666667,7.91666666666667,0.95,2.8819,129,3.7513,1018.67
1,7.01666666666667,6.3,0.94,5.2486,349,3.4293,1012.87
0,-2.17222222222222,-6.22777777777778,0.96,11.27,160,1.0465,0
1,5.07222222222222,2.56111111111111,0.93,10.948,130,6.0697,1014.2
0,6.11111111111111,4.48333333333333,0.94,7.889,8,0.483,1015.02
0,7.71111111111111,6.02222222222222,0.96,9.4346,181,2.9785,1016.18
0,6.18333333333334,2.96111111111111,0.93,16.8406,20,1.4973,1010.54
1,3.8,0.677777777777777,0.92,12.7512,0,8.1305,1009.09
1,2.13333333333333,-1.89444444444444,0.93,15.7458,301,3.8962,1015.78
1,3.75,0.727777777777779,0.77,12.1716,349,8.0983,1024.26
1,1.03888888888889,1.03888888888889,0.79,4.4919,359,5.0393,1017.61
0,2.29444444444445,-0.338888888888889,0.78,9.1287,9,6.2951,1017.82
1,2.06666666666667,-1.95,0.8,15.5687,189,7.9051,1003.99
2,6.11111111111111,2.92222222222222,0.6,16.5186,291,9.982,0
0,7.73333333333333,3.03333333333333,0.69,38.7205,140,10.2074,980.67
0,5,0.377777777777778,0.7,26.565,220,9.982,990.04
2,5,-0.727777777777777,0.65,40.5398,310,9.982,0
2,2.77777777777778,-2.57777777777778,0.57,27.4505,320,9.982,0
0,2.24444444444444,-2.01666666666667,0.54,17.4041,8,15.8263,1024.06
1,-6.06666666666667,-6.06666666666667,0.62,3.0268,333,16.1,1036.23
0,-3.84444444444444,-7.68333333333333,0.74,9.338,90,15.8263,1035.84
1,2.45,-1.73888888888889,0.79,17.2592,230,6.2951,1027.9
0,27.2888888888889,27.1055555555556,0.4,7.8568,41,10.2557,1021.98
0,22.2444444444444,22.2444444444444,0.35,17.4524,310,10.2557,1020.65
0,24.9722222222222,24.9722222222222,0.36,11.0124,249,16.1,1019
0,27.8222222222222,27.1111111111111,0.33,3.4132,251,10.2557,1016.1
1,21.1611111111111,21.1611111111111,0.79,5.5706,298,9.982,1015.4
0,26.0666666666667,26.0666666666667,0.5,17.5973,300,9.982,1016.12
0,27.8,28.1222222222222,0.49,31.0891,291,10.2557,1017.81
0,29.0444444444444,28.8833333333333,0.42,10.3362,330,16.1,1019.88
0,32.85,32.45,0.34,20.2538,179,16.1,1017.46
0,34.8222222222222,36.0166666666667,0.37,8.05,270,16.1,1016.14
0,31.2,32.5555555555556,0.48,12.5419,159,16.1,1014.05
0,27.8888888888889,27.7555555555555,0.43,4.9588,70,10.2557,1022.33
0,32.1055555555556,33.3888888888889,0.45,16.422,340,16.1,1011.99
0,32.2166666666667,32.2166666666667,0.38,9.3219,351,16.1,1015.9
0,33.9055555555556,34.5388888888889,0.37,8.6779,63,16.1,1015.38
0,34.9722222222222,35.7666666666667,0.35,17.0821,159,16.1,1010.79
0,33.6777777777778,33.9166666666667,0.36,7.3899,196,16.1,1011.63
2,33.9388888888889,33.1888888888889,0.3,17.4363,190,16.1,1007.77
0,24.95,24.95,0.39,17.9193,321,16.1,1013.3
0,22.7833333333333,22.7833333333333,0.56,0.3703,180,10.2557,1008.21
0,23.7222222222222,23.7222222222222,0.59,4.7173,211,10.2557,1012.02
0,27.0611111111111,26.9888888888889,0.42,12.9283,47,15.8263,1009.16
0,27.2888888888889,27.0055555555556,0.39,15.778,11,16.1,1025.73
0,21.9444444444444,21.9444444444444,0.73,20.5114,349,9.982,1013.67
1,17.4166666666667,17.4166666666667,0.86,13.8299,312,8.1305,1016.15
0,29.95,29.8833333333333,0.42,4.8944,333,16.1,1023.11
0,31.25,30.85,0.37,9.821,319,16.1,1018.41
0,32.7777777777778,32,0.32,12.7351,212,16.1,1017.29
0,33.9555555555556,35.0277777777778,0.39,10.4328,193,16.1,1015.79
0,35,35.8055555555556,0.35,9.3219,182,16.1,1008.77
0,19.9277777777778,19.9277777777778,0.69,19.8191,308,9.982,1015.34
0,26.0833333333333,26.0833333333333,0.43,9.1609,112,10.2557,1019
0,27.1555555555555,27.8277777777778,0.54,14.2485,341,16.1,1018.25
0,27.8,28.9611111111111,0.58,8.7423,332,10.2557,1018.21
0,30.0222222222222,30.0666666666667,0.43,9.9015,141,9.982,1016.97
0,30.0944444444444,30.1055555555556,0.43,16.1805,220,16.1,1014.45
0,28.0277777777778,28.8166666666667,0.54,15.9873,241,16.1,1012.14
0,28.8611111111111,29.3333333333333,0.49,9.8532,231,9.982,1010.88
0,22.15,22.15,0.68,15.5365,1,9.982,1014.86
0,19.8833333333333,19.8833333333333,0.49,21.8155,351,16.1,1015.9
0,22.2444444444444,22.2444444444444,0.45,20.3665,349,16.1,1013.35
0,22.7555555555555,22.7555555555555,0.51,23.3289,299,9.982,1010.74
0,27.7777777777778,27.2111111111111,0.36,14.1519,169,16.1,1019.38
0,20.0722222222222,20.0722222222222,0.44,17.4363,310,10.2557,1013.43
0,21.0388888888889,21.0388888888889,0.49,14.3612,320,10.2557,1015.14
0,22.2388888888889,22.2388888888889,0.43,9.3702,277,16.1,1017.49
0,23.4722222222222,23.4722222222222,0.52,1.8676,169,9.982,1011.35
1,17.1388888888889,17.1388888888889,0.75,10.948,290,9.982,1018.66
1,18.8833333333333,18.8833333333333,0.65,10.8675,359,9.982,1021.81
0,18.0777777777778,18.0777777777778,0.64,21.8316,350,16.1,1017.57
0,25.0222222222222,25.0222222222222,0.46,12.397,349,10.2557,1015.91
0,22.3611111111111,22.3611111111111,0.59,19.9479,0,9.982,1015.04
0,24.9944444444444,24.9944444444444,0.47,12.1877,1,10.2557,1019.43
0,28.9111111111111,28.2388888888889,0.37,4.8783,161,16.1,1021.49
0,22.8722222222222,22.8722222222222,0.53,12.6063,350,10.2557,1020.53
0,29.95,30.0222222222222,0.43,4.6851,300,9.982,1020.92
0,24.95,24.95,0.49,14.2163,1,16.1,1023.15
0,27.2444444444444,27.4277777777778,0.47,4.508,29,16.1,1023.4
0,27.7777777777778,27.6444444444444,0.43,9.7888,140,16.1,1024.78
0,27.2888888888889,27.4388888888889,0.46,10.2396,221,15.8263,1019.08
0,26.0277777777778,26.0277777777778,0.65,5.2647,10,10.2557,1015.06
1,7.77777777777778,5.55555555555556,0.83,12.5258,201,6.118,1016.96
0,12.7777777777778,12.7777777777778,0.35,10.9802,281,16.0517,1025.81
0,13.8888888888889,13.8888888888889,0.36,1.4007,64,15.134,1016.95
1,7.08333333333333,3.95555555555555,0.86,17.9193,312,6.2951,1017.76
1,7.66666666666667,5.91111111111111,0.83,9.7244,340,6.1985,1017.87
0,7.73333333333333,7.73333333333333,0.71,3.3488,149,9.982,1022.62
0,11.1111111111111,11.1111111111111,0.66,11.2539,72,7.2128,1031.79
0,12.8944444444444,12.8944444444444,0.63,21.9121,121,9.982,1033.57
0,12.8444444444444,12.8444444444444,0.49,15.6331,70,9.982,1032.51
0,11.0833333333333,11.0833333333333,0.39,10.948,34,10.2557,1027.5
0,10.0222222222222,10.0222222222222,0.34,24.8423,20,16.1,1024.65
0,12.8222222222222,12.8222222222222,0.63,31.4272,220,14.9086,1009.13
0,9.95,9.76111111111111,0.41,4.8461,83,10.2557,1026.41
0,13.9333333333333,13.9333333333333,0.31,21.7189,190,16.1,1019.51
1,12.3166666666667,12.3166666666667,0.47,7.4865,38,10.2557,1017.98
0,11.0611111111111,11.0611111111111,0.39,15.2306,21,16.1,1020.33
2,13.8611111111111,13.8611111111111,0.51,23.5704,150,12.2199,1016.16
0,17.6333333333333,17.6333333333333,0.44,32.4093,140,15.134,1011.29
0,17.7777777777778,17.7777777777778,0.5,19.9318,150,16.1,1010.08
0,17.1166666666667,17.1166666666667,0.55,8.3881,213,9.982,1006.07
1,10.05,10.05,0.7,32.6025,330,10.2557,1013.28
0,11.2055555555556,11.2055555555556,0.46,14.2807,319,10.2557,1011.91
0,7.82222222222222,2.85555555555556,0.52,43.8403,300,10.2557,1022.82
1,11.2111111111111,11.2111111111111,0.79,27.6115,191,10.2557,1001.72
0,10.0666666666667,10.0666666666667,0.5,26.7582,220,10.2557,1008.67
0,10.0277777777778,10.0277777777778,0.41,23.3289,172,10.2557,1023.55
1,5.07222222222222,0.450000000000001,0.64,26.7743,30,10.2557,1025.01
0,7.28888888888889,2.97222222222222,0.54,31.1213,20,9.982,1030.38
0,8.86111111111111,6.87777777777778,0.4,12.4936,51,10.2557,1034.36
0,8.91666666666666,7.75555555555556,0.37,7.9695,160,16.1,1033.91
0,10.0277777777778,10.0277777777778,0.42,9.0321,21,16.1,1030.5
0,18.9111111111111,18.9111111111111,0.48,23.4094,239,10.2557,1012.18
0,22.2222222222222,22.2222222222222,0.46,27.2412,319,9.982,1019.46
0,18.8166666666667,18.8166666666667,0.4,21.8477,11,16.1,1025.67
0,21.1111111111111,21.1111111111111,0.41,7.7441,239,16.1,1027
0,23.9611111111111,23.9611111111111,0.38,9.4668,232,16.1,1017.96
0,21.1555555555555,21.1555555555555,0.72,25.1804,290,9.982,1008.04
1,14.8611111111111,14.8611111111111,0.73,12.1555,31,10.2557,1014.43
1,13.9833333333333,13.9833333333333,0.82,12.1716,339,10.2557,1021.02
0,22.6888888888889,22.6888888888889,0.41,22.2341,291,16.1,1021.14
0,22.2666666666667,22.2666666666667,0.35,9.3219,61,16.1,1018.31
0,27.6611111111111,27.5611111111111,0.43,11.1412,132,16.1,1009.39
1,15.0222222222222,15.0222222222222,0.87,15.6331,261,9.982,1008.29
1,27.1944444444444,27.8222222222222,0.53,15.3916,188,15.8263,1009.27
0,20.75,20.75,0.69,14.651,309,9.982,1014.99
1,17.0666666666667,17.0666666666667,0.93,17.4202,30,9.982,1015.97
0,16.1722222222222,16.1722222222222,0.93,9.6439,91,9.982,1011.58
0,19.9333333333333,19.9333333333333,0.78,17.0177,350,9.982,1013.67
1,16.05,16.05,0.93,12.0589,31,8.1305,1008.76
0,16.0444444444444,16.0444444444444,0.82,7.5831,129,9.8532,1006.9
1,13.0333333333333,13.0333333333333,0.81,11.0285,303,9.982,1013.4
0,15.0222222222222,15.0222222222222,0.61,9.3058,351,9.982,1017.93
0,18.9111111111111,18.9111111111111,0.52,10.6099,346,9.982,1016.99
0,17.7277777777778,17.7277777777778,0.6,5.1359,159,10.2557,1015.08
0,22.2444444444444,22.2444444444444,0.46,12.6546,133,16.1,1015.56
0,23.4777777777778,23.4777777777778,0.55,10.8675,29,9.982,1018.48
0,23.8388888888889,23.8388888888889,0.5,14.1358,261,9.982,1013.78
0,26.1277777777778,26.1277777777778,0.54,12.8478,180,9.982,1013.26
1,26.0833333333333,26.0833333333333,0.54,24.7779,241,16.1,1010.2
0,20.1166666666667,20.1166666666667,0.62,15.1179,9,9.982,1016.62
0,22.2388888888889,22.2388888888889,0.33,13.8299,53,16.1,1018.9
0,23.8388888888889,23.8388888888889,0.32,13.6367,10,16.1,1016.44
0,12.1944444444444,12.1944444444444,0.43,7.8246,139,16.1,1041.51
0,18.9611111111111,18.9611111111111,0.64,20.6241,253,9.982,1020.81
0,21.0611111111111,21.0611111111111,0.57,17.8388,302,9.982,1021.94
0,18.9055555555556,18.9055555555556,0.61,8.05,252,15.8263,1026
0,14.7111111111111,14.7111111111111,0.68,4.2826,207,15.5043,1028.12
0,14.9055555555556,14.9055555555556,0.43,25.4702,320,15.1823,1026.13
0,13.6555555555556,13.6555555555556,0.4,21.2681,210,16.1,1018.3
0,17.8,17.8,0.56,25.438,320,9.982,1015.33
0,16.1833333333333,16.1833333333333,0.56,10.5455,170,15.8263,1017.08
0,17.15,17.15,0.49,21.4935,232,16.0517,1014.99
0,17.15,17.15,0.52,7.4543,164,16.1,1020.06
0,12.15,12.15,0.57,3.2361,151,8.1305,1036.12
1,14.95,14.95,0.6,26.0659,251,9.982,1010.57
1,7.66111111111111,4.23333333333333,0.89,22.0248,319,9.982,994.7
1,3.84444444444444,1.15,0.92,10.6421,234,5.0393,1000.14
0,7.15,4.78888888888889,0.6,12.5419,329,9.982,1022.81
1,3.81666666666666,0.794444444444444,0.65,12.236,350,10.2557,1025.98
1,3.77222222222222,3.77222222222222,0.7,3.2039,51,9.8532,1015.03
1,2.82777777777778,-0.744444444444444,0.75,14.0231,340,9.982,1007.48
1,2.73333333333333,0.0500000000000019,0.96,9.6761,30,6.2951,1015.86
0,2.2,-1.27222222222222,0.92,12.7512,262,3.0107,1010.34
0,7.24444444444444,3.67777777777778,0.55,22.2985,299,16.1,1021.61
0,9.91666666666667,9.91666666666667,0.71,1.7227,128,6.0214,1030.3
0,8.93333333333333,6.88888888888889,0.65,12.9766,231,10.2557,1019.48
0,4.18888888888889,2.43888888888889,0.98,7.1645,343,0.966,1023.79
0,7.42222222222222,6.29444444444444,0.98,6.7942,221,2.9785,1022.6
0,2.88888888888889,2.88888888888889,1,1.5939,333,0.161,1025.75
0,4.19444444444444,1.51666666666666,0.99,10.9158,207,0.2415,1029.15
0,17.3777777777778,17.3777777777778,0.71,8.9838,197,5.2164,1028.3
0,14.9111111111111,14.9111111111111,0.72,0.322,323,6.7781,1022.34
0,17.0833333333333,17.0833333333333,0.48,7.9212,87,9.982,1030.46
1,13.7944444444444,13.7944444444444,0.83,11.0768,51,9.8049,1017.94
1,11.9888888888889,11.9888888888889,1,16.0034,32,6.9391,1005.72
1,7.8,5.35555555555556,0.89,14.007,261,7.8729,1016.82
0,12.1722222222222,12.1722222222222,0.66,17.1143,131,9.982,1020.69
0,12.2,12.2,0.8,28.0623,130,9.982,1015.87
0,16.9444444444444,16.9444444444444,0.73,24.9711,139,9.982,1015.08
0,15.0944444444444,15.0944444444444,0.78,26.7743,140,9.982,1017.05
1,12.8,12.8,0.96,10.0786,160,9.7566,1018.33
1,12.7555555555556,12.7555555555556,0.96,7.7763,160,4.669,1019.81
1,12.7777777777778,12.7777777777778,0.9,11.4149,60,9.6922,1014.92
0,17.7777777777778,17.7777777777778,0.5,8.9677,188,16.1,1029.63
1,11.0166666666667,11.0166666666667,0.81,19.9479,263,9.982,1013.73
0,10.0722222222222,10.0722222222222,0.77,21.413,290,9.982,1018.9
0,7.24444444444444,5.19444444444445,1,10.8514,20,5.9731,1016.66
0,12.6611111111111,12.6611111111111,0.65,9.5956,300,14.9086,1021.45
2,12.8,12.8,0.89,9.0643,211,8.1305,1025.31
0,14.95,14.95,0.55,2.0769,185,15.134,1023.7
0,15,15,0.6,7.5509,34,9.982,1025.22
0,14.9722222222222,14.9722222222222,0.51,4.7334,44,16.1,1024.94
0,13.9111111111111,13.9111111111111,0.64,15.7458,121,14.9086,1022.47
0,13.8611111111111,13.8611111111111,0.55,12.7673,121,16.1,1020
0,19.9055555555556,19.9055555555556,0.53,15.6492,141,16.1,1024.51
0,15.0444444444444,15.0444444444444,0.48,4.4919,329,16.0517,1029.29
2,12.8888888888889,12.8888888888889,0.59,13.6689,130,11.9784,1037.68
0,23.8166666666667,23.8166666666667,0.5,9.5795,228,9.982,1020.86
0,19.8611111111111,19.8611111111111,0.64,12.3165,248,9.982,1016.12
0,15.0888888888889,15.0888888888889,1,3.0751,350,6.1985,1014
0,17.2222222222222,17.2222222222222,0.75,9.6439,32,9.982,1011.74
1,14.8333333333333,14.8333333333333,0.64,20.8012,169,9.8049,1017.8
0,14.8833333333333,14.8833333333333,0.72,8.0178,173,9.982,1020.78
0,32.2444444444444,32.6833333333333,0.4,8.0178,212,15.1823,1012.1
1,12.7833333333333,12.7833333333333,0.95,10.6421,22,9.982,1019.13
1,16.0888888888889,16.0888888888889,0.87,9.5795,140,9.9015,1021.21
0,19.8555555555556,19.8555555555556,0.64,4.6851,318,9.982,1023.51
2,22.2222222222222,22.2222222222222,0.53,9.66,110,9.982,0
2,26.0111111111111,26.0111111111111,0.5,27.1446,160,0,0
0,27.7555555555555,28.1055555555556,0.49,16.9694,151,16.1,1014.56
0,27.7555555555555,27.9,0.46,24.6008,161,16.1,1012.74
0,32.0111111111111,32.5666666666667,0.42,17.2109,181,16.1,1010.95
0,30.9722222222222,32.1555555555555,0.48,4.0089,77,15.1823,1014.92
0,28.4055555555555,28.6722222222222,0.47,14.1519,310,16.1,1015.96
2,29.8166666666667,29.9166666666667,0.44,12.7029,272,16.1,1011.62
0,21.0944444444444,21.0944444444444,0.73,11.3183,329,9.982,1013.02
0,18.8166666666667,18.8166666666667,0.56,13.9748,350,10.2557,1015.77
0,21.0611111111111,21.0611111111111,0.38,10.626,79,16.1,1013.01
0,24.8611111111111,24.8611111111111,0.55,10.5777,180,14.9086,1008.71
0,25.75,25.75,0.51,12.7351,350,15.1823,1011.59
1,17.2,17.2,0.88,12.0106,229,9.5795,1013.09
1,15.9722222222222,15.9722222222222,0.87,3.3649,75,9.982,1015.65
0,17.1777777777778,17.1777777777778,0.64,24.9389,20,9.982,1022
1,12.8944444444444,12.8944444444444,0.76,25.0355,1,15.8263,1025.52
1,12.85,12.85,0.82,25.0355,31,9.982,1027.1
0,27.7111111111111,28.0388888888889,0.49,4.6368,332,16.1,1013.41
0,13.9388888888889,13.9388888888889,0.63,24.9389,31,9.982,1029.17
0,23.7277777777778,23.7277777777778,0.59,15.7941,320,9.982,1014.14
1,17.7333333333333,17.7333333333333,0.9,12.3165,352,9.8532,1012.13
0,20.95,20.95,0.5,22.2824,290,9.982,1016.61
0,19.8833333333333,19.8833333333333,0.44,17.6134,290,10.2557,1021.12
0,18.75,18.75,0.48,9.8693,301,10.2557,1021.74
0,18.8388888888889,18.8388888888889,0.37,7.4221,241,16.1,1020.51
1,19.8388888888889,19.8388888888889,0.49,19.9801,218,15.5526,1012.04
1,11.1611111111111,11.1611111111111,0.77,15.9068,281,9.982,1007.84
1,13.7944444444444,13.7944444444444,0.72,9.7083,299,9.982,1012.46
0,20.0444444444444,20.0444444444444,0.45,14.1036,210,9.982,1012.17
0,22.1055555555556,22.1055555555556,0.39,23.0713,251,16.1,1009.5
0,19.2833333333333,19.2833333333333,0.54,25.3253,290,15.8263,1004.36
0,17.2888888888889,17.2888888888889,0.41,17.2431,272,16.1,1014.97
0,23.7944444444444,23.7944444444444,0.27,33.0855,220,16.1,1012.13
1,22.7333333333333,22.7333333333333,0.43,14.5866,212,16.1,1011.75
0,23.15,23.15,0.41,13.7977,261,16.1,1014.91
0,13.8,13.8,0.59,23.1679,1,15.8263,1018.69
0,13.8388888888889,13.8388888888889,0.38,20.286,32,10.2557,1026.56
0,14.9777777777778,14.9777777777778,0.39,22.2985,347,16.1,1023.56
0,16.1111111111111,16.1111111111111,0.33,7.8729,316,16.1,1027.4
0,20.0222222222222,20.0222222222222,0.32,7.5831,164,16.1,1015.36
0,21.0388888888889,21.0388888888889,0.32,9.4346,189,16.1,1007.21
1,7.77777777777778,3.56111111111111,0.95,31.717,321,9.982,1001.42
1,7.06666666666667,3.63333333333333,0.79,20.5114,312,8.1305,1005.6
0,12.2444444444444,12.2444444444444,0.46,13.363,306,10.2557,1010.09
0,15.9666666666667,15.9666666666667,0.45,23.6831,170,9.982,1009.14
0,11.1111111111111,11.1111111111111,0.6,3.3327,219,9.982,1019.39
0,12.1722222222222,12.1722222222222,0.8,15.4882,0,9.982,1019.28
2,17.7555555555556,17.7555555555556,0.5,15.6492,160,16.1,1021.28
0,15.1611111111111,15.1611111111111,0.59,1.9964,155,9.982,1020.68
0,22.1777777777778,22.1777777777778,0.43,12.7029,210,16.1,1012.85
0,24.9055555555555,24.9055555555555,0.32,21.7833,211,16.1,1010.25
0,22.7555555555555,22.7555555555555,0.38,15.778,242,16.1,1009.4
0,22.5888888888889,22.5888888888889,0.45,9.1609,137,15.8263,1010.93
1,18.8,18.8,0.68,13.6367,118,10.2557,1002.46
1,12.1277777777778,12.1277777777778,0.92,14.3129,309,7.0357,1002.73
0,26.0388888888889,26.0388888888889,0.6,16.1644,311,9.982,1014.06
0,28.6833333333333,29.4222222222222,0.51,9.1609,171,9.982,1011.75
1,15.0666666666667,15.0666666666667,0.86,12.5258,349,9.8049,1019.27
0,20,20,0.45,11.0607,350,10.2557,1023.85
0,22.2444444444444,22.2444444444444,0.49,7.6636,261,9.982,1025.81
0,25.0722222222222,25.0722222222222,0.5,3.2361,170,9.982,1023.7
0,27.7555555555555,27.6666666666667,0.43,10.8353,212,16.1,1020.3
0,27.1055555555556,26.9166666666667,0.4,10.6421,358,16.1,1016.44
1,17.7777777777778,17.7777777777778,0.9,9.2253,350,8.1305,1011.85
0,22.8,22.8,0.66,9.4024,179,9.982,1013.29
0,27.0833333333333,26.9111111111111,0.4,3.4293,115,16.1,1013.14
0,22.8944444444444,22.8944444444444,0.7,12.4614,351,9.982,1016.65
0,27.7333333333333,28.5888888888889,0.55,9.3702,151,9.982,1016.93
0,28.9166666666667,29.4666666666667,0.49,13.8621,170,9.982,1015.03
1,17.6444444444444,17.6444444444444,0.85,17.1143,301,9.9015,1018.18
0,22.8055555555556,22.8055555555556,0.62,21.9443,351,9.982,1022.79
0,26.0388888888889,26.0388888888889,0.5,17.549,352,16.1,1021.8
2,26.0388888888889,26.0388888888889,0.47,20.3343,30,16.1,1020.9
0,27.15,27.8166666666667,0.54,9.0643,82,10.2557,1021.94
0,28.8388888888889,28.4611111111111,0.4,4.5402,116,16.1,1022.51
2,29.9277777777778,29.1222222222222,0.35,7.4543,215,16.1,1019.72
0,30,28.8611111111111,0.31,3.2039,179,16.1,1015.91
0,26.0388888888889,26.0388888888889,0.48,16.0839,302,9.982,1017.05
0,27.7111111111111,28.3666666666667,0.53,19.9157,352,16.1,1018.59
0,24.95,24.95,0.33,15.4882,12,16.1,1022.75
0,27.8444444444444,28.5,0.53,7.4382,276,10.2557,1017.09
2,30.0222222222222,30.1,0.43,26.5167,150,16.1,1012.18
0,19.9833333333333,19.9833333333333,0.84,21.9765,291,9.982,1017.37
0,27.0166666666667,27.1111111111111,0.44,20.1733,19,16.1,1022.62
0,26.0611111111111,26.0611111111111,0.36,9.2253,9,16.1,1022.03
0,27.2666666666667,26.6944444444444,0.32,4.5241,144,16.1,1016.9
0,5.33333333333333,2.31666666666667,0.82,14.1197,181,8.1949,1019.59
0,4.07777777777778,0.772222222222223,0.83,14.1197,188,7.8085,1019.94
0,3.95555555555555,0.622222222222221,0.83,14.1036,189,7.7763,1019.98
0,3.83333333333333,0.472222222222223,0.83,14.1197,189,7.7441,1020.01
0,3.71666666666667,0.32777777777778,0.84,14.1358,190,7.728,1020.04
0,3.6,0.183333333333332,0.84,14.1519,190,7.6958,1020.08
0,3.49444444444444,0.0500000000000019,0.84,14.1358,189,7.6797,1020.11
0,3.38333333333333,-0.0777777777777781,0.84,14.1358,189,7.6636,1020.14
0,3.28333333333333,-0.205555555555556,0.84,14.1358,189,7.6475,1020.17
0,3.18333333333333,-0.327777777777778,0.84,14.1197,190,7.6314,1020.2
0,3.08333333333333,-0.444444444444445,0.84,14.1358,191,7.6314,1020.23
0,5.18333333333333,2.12777777777778,0.82,14.1358,181,8.1305,1019.63
0,2.99444444444444,-0.555555555555556,0.84,14.1197,192,7.6153,1020.26
0,2.90555555555555,-0.661111111111112,0.84,14.1036,193,7.5992,1020.29
0,2.81666666666667,-0.761111111111112,0.84,14.0714,196,7.5992,1020.33
0,2.73888888888889,-0.861111111111111,0.84,14.0553,198,7.5992,1020.36
0,2.66111111111111,-0.961111111111111,0.84,14.0875,200,7.5831,1020.39
0,2.58333333333333,-1.05555555555555,0.84,14.1197,202,7.5831,1020.42
0,2.51666666666667,-1.13888888888889,0.84,14.1197,203,7.5831,1020.45
0,2.45,-1.21666666666667,0.84,14.0875,203,7.5831,1020.48
0,2.38333333333333,-1.28888888888889,0.84,14.0392,202,7.5831,1020.51
0,2.32777777777778,-1.35,0.84,13.9909,200,7.5992,1020.55
0,5.03333333333334,1.93888888888889,0.82,14.1519,181,8.0822,1019.67
0,2.27222222222222,-1.40555555555556,0.84,13.9265,199,7.5992,1020.57
0,2.22222222222222,-1.46111111111111,0.84,13.8782,198,7.5992,1020.6
0,4.88888888888889,1.76111111111111,0.82,14.1519,181,8.0339,1019.71
0,4.74444444444444,1.58888888888889,0.82,14.1519,181,7.9856,1019.75
0,4.60555555555556,1.41111111111111,0.83,14.168,182,7.9534,1019.79
0,4.46666666666667,1.23888888888889,0.83,14.1841,183,7.9051,1019.83
0,4.33333333333333,1.07777777777778,0.83,14.1841,185,7.8729,1019.87
0,4.20555555555556,0.92222222222222,0.83,14.1519,187,7.8407,1019.91
0,11.0222222222222,11.0222222222222,0.81,30.6222,270,9.982,1017.95
1,9.86111111111111,6.27777777777778,0.84,32.0551,161,9.982,989.59
0,9.92777777777778,7.73888888888889,0.54,15.8585,243,9.982,1008.07
0,9.81666666666667,6.63333333333333,0.61,26.0659,140,16.1,1009.59
1,7.10555555555556,4.12777777777778,0.93,16.6957,158,9.9015,993.84
0,14.9055555555556,14.9055555555556,0.62,21.8799,180,10.2557,998.15
0,10.3944444444444,10.3944444444444,0.96,11.1734,9,3.1395,1002.18
1,7.12777777777778,5.08333333333333,1,10.7065,312,4.83,1027.73
1,9.83888888888889,7.16111111111111,0.93,20.286,119,6.2951,1024.37
1,9.92777777777778,6.39444444444444,0.77,31.5882,150,9.982,1018.07
1,7.59444444444445,5.26666666666667,0.96,12.9283,252,9.982,1014.73
1,13.9055555555556,13.9055555555556,0.77,9.3702,222,12.2521,1022.89
0,7.77777777777778,4.51666666666667,0.67,20.6885,311,9.982,1024.53
1,7.8,5.50555555555555,0.76,12.9927,232,9.982,1017.37
0,16.0388888888889,16.0388888888889,0.58,26.4684,241,16.1,1013.71
1,12.1111111111111,12.1111111111111,0.87,4.7334,166,9.982,1010.66
0,6.25,3.57222222222222,0.74,13.2825,292,9.982,1017.59
1,4.92777777777778,1.80555555555556,0.82,14.2163,141,9.982,1014.47
1,3.01111111111111,0.0055555555555544,0.93,11.3183,312,6.2951,1013.33
0,7.71111111111111,5.97222222222222,0.63,9.6761,92,10.2557,1016.03
1,11.0388888888889,11.0388888888889,0.77,30.5256,140,14.9086,1017.58
1,12.7111111111111,12.7111111111111,0.69,33.0211,140,15.8263,1011.44
1,10.05,10.05,0.92,11.8174,191,8.4203,1016.68
0,6.11666666666667,1.78888888888889,0.65,26.9031,329,9.982,1020.48
0,5.99444444444444,2.27777777777778,0.79,20.5758,301,9.982,1025.36
0,7.26666666666667,4.5,0.64,15.4721,191,16.1,1029.73
0,7.73333333333333,4.35555555555556,0.63,21.6867,160,16.1,1021.34
0,9.92777777777778,7.28888888888889,0.66,20.1089,150,15.8263,1018.06
0,14.9722222222222,14.9722222222222,0.61,17.227,192,10.2557,1013.93
0,-2.10555555555556,-5.13888888888889,0.6,7.8407,183,12.2199,1029.67
1,6.89444444444444,3.86111111111111,1,16.7601,212,7.7763,1002.64
0,12.4444444444444,12.4444444444444,0.86,19.4488,189,15.6009,1001.56
0,7.89444444444445,5.25555555555556,0.75,15.5526,221,10.2557,1000.07
0,7.62222222222222,5.64444444444444,0.76,10.8675,307,9.982,1010.72
0,7.24444444444444,5.25,0.64,10.5455,232,16.1,1019.06
1,3.83888888888889,0.699999999999999,0.92,12.9122,302,7.8729,1006.9
0,2.77777777777778,-0.611111111111112,0.76,12.9766,331,15.8263,1013.44
0,-2.2,-8.51666666666667,0.65,23.5382,1,16.1,1012.89
0,-1.11111111111111,-7.51666666666667,0.68,26.6294,11,9.982,1019.6
0,-1.16111111111111,-4,0.52,7.7602,200,9.982,1021.19
0,-2.22222222222222,-6.9,0.67,13.8782,111,9.7566,1026.59
0,-1.08888888888889,-4.41666666666667,0.68,9.3702,142,15.8263,1019.47
1,1.13333333333333,-3.4,0.84,17.388,301,9.982,1023.63
2,-1.16111111111111,-1.16111111111111,0.63,4.5885,206,15.8263,1036.3
0,-1.08888888888889,-5.32222222222222,0.74,12.9766,179,9.9015,1036.27
1,-2.15555555555555,-2.15555555555555,0.88,4.4436,169,4.4919,1035.76
1,2.10555555555556,-1.85,0.8,15.295,161,4.9105,1031.98
0,2.88333333333333,1.72777777777778,1,4.9266,172,2.5438,1029.32
0,2.51111111111111,-0.2,1,9.6117,192,0.161,1027.7
0,12.2444444444444,12.2444444444444,0.74,23.184,230,15.9229,1024.86
1,7.62777777777777,5.97222222222222,0.89,9.1931,341,4.83,1028.79
0,-5.07222222222222,-10.4333333333333,0.63,14.0231,41,15.134,1018.57
0,3.02777777777778,-0.572222222222223,1,14.4739,151,0.8372,1028.71
1,8.73333333333333,5.77222222222222,0.77,20.1411,301,9.982,1016.21
1,-7.29444444444444,-13.5833333333333,0.74,15.8746,102,5.4418,1006.29
0,-2.87222222222222,-6.46111111111111,0.92,9.1126,152,2.4955,1005.77
1,-0.0499999999999999,-3.66666666666667,0.86,11.2378,21,3.8962,1003.87
0,0.0222222222222217,-5.8,1,24.5203,290,2.0286,999.91
0,-2.76111111111111,-6.07222222222222,1,8.3398,231,0.805,1011.84
1,2.15,-0.88888888888889,0.35,10.6743,136,5.8926,1009.52
0,30.0222222222222,29.7388888888889,0.4,2.6082,196,16.1,1016.42
0,27.8388888888889,27.1333333333333,0.33,5.0071,302,16.1,1018.5
0,31.1333333333333,30.0666666666667,0.32,12.6868,160,16.1,1016.58
0,32.2888888888889,31.8444444444444,0.35,15.6331,150,16.1,1012.48
0,32.0833333333333,32.7777777777778,0.42,9.8693,161,16.1,1009.85
0,18.7611111111111,18.7611111111111,0.9,11.7691,279,9.982,1008.44
0,21.1111111111111,21.1111111111111,0.53,20.6241,10,9.982,1017.36
0,17.5277777777778,17.5277777777778,0.91,16.0356,57,9.982,1010.29
1,17.1944444444444,17.1944444444444,0.93,11.0929,273,9.9015,1014.42
0,24.9777777777778,24.9777777777778,0.58,14.49,310,9.982,1017.53
0,23.8611111111111,23.8611111111111,0.48,10.626,346,9.982,1019.53
0,32.0166666666667,32.1166666666667,0.39,8.9516,251,15.8263,1014.63
0,24.9722222222222,24.9722222222222,0.54,13.8138,0,10.2557,1017.43
0,27.2166666666667,26.9111111111111,0.38,14.0392,300,15.8263,1016.22
0,28.8388888888889,29.6111111111111,0.51,12.2682,221,9.982,1015.22
0,30.9888888888889,31.6111111111111,0.45,2.4955,37,15.8263,1015.81
0,30.9944444444444,31.2111111111111,0.42,11.3827,61,16.1,1015.92
0,29.7277777777778,29.6166666666667,0.42,15.9712,338,15.8263,1015.02
0,27.2888888888889,28.4611111111111,0.6,3.381,297,9.982,1015.91
0,27.7555555555555,28.9777777777778,0.59,2.9785,337,9.982,1016.31
0,25.6555555555556,25.6555555555556,0.7,19.8191,317,9.982,1015.25
0,26.2277777777778,26.2277777777778,0.73,8.4847,142,9.982,1014.72
0,27.6166666666667,28.4555555555556,0.55,13.4435,311,9.982,1014.98
0,29.95,30.6833333333333,0.48,3.4615,276,16.1,1015.51
0,31.1111111111111,31.8833333333333,0.45,14.4578,169,16.1,1014.18
0,25.0666666666667,25.0666666666667,0.39,9.9337,57,16.1,1021.12
0,28.2833333333333,27.3611111111111,0.31,3.3488,127,16.1,1018
0,22.6444444444444,22.6444444444444,0.66,20.7851,329,9.982,1015.16
0,23.8833333333333,23.8833333333333,0.32,24.9228,301,16.1,1020.53
0,27.1944444444444,26.4055555555556,0.26,2.9785,107,16.1,1020.61
0,27.6111111111111,27.2666666666667,0.39,26.4684,319,16.1,1016.07
0,22.2388888888889,22.2388888888889,0.63,3.8801,33,9.982,1014.87
1,22.75,22.75,0.65,7.9856,47,9.982,1011.23
0,24.9722222222222,24.9722222222222,0.58,11.1734,221,9.982,1011.19
0,20.9,20.9,0.8,12.9444,240,7.9051,1009.45
0,19.9055555555556,19.9055555555556,0.84,9.7566,341,9.8049,1001.96
0,23.8388888888889,23.8388888888889,0.62,17.4685,300,9.982,1000.13
0,20.9611111111111,20.9611111111111,0.74,8.05,210,9.982,1003.81
0,27.7055555555556,27.8388888888889,0.46,21.9926,142,15.8263,1010.46
0,30.9,32.8833333333333,0.52,20.7529,250,9.982,1007.82
0,24.9777777777778,24.9777777777778,0.61,7.7763,18,16.1,1017.04
0,26.1611111111111,26.1611111111111,0.53,12.7834,11,16.1,1014.96
0,18.9055555555556,18.9055555555556,0.78,9.2253,270,9.982,1011.31
0,22.9388888888889,22.9388888888889,0.73,9.016,111,9.982,1017.06
1,22.9611111111111,22.9611111111111,0.72,9.4185,29,10.2557,1022.21
0,28.8666666666667,30.0277777777778,0.54,9.3541,20,16.1,1022.96
0,31.1333333333333,33.0722222222222,0.51,10.8997,30,16.1,1022.43
0,33.65,35.8888888888889,0.44,15.2789,151,15.3111,1018.49
0,32.2166666666667,33.5833333333333,0.45,17.4363,130,16.1,1014.87
0,31.0444444444444,31.8888888888889,0.46,15.0696,172,16.1,1014.01
0,26.7111111111111,27.8888888888889,0.63,9.6278,266,9.8049,1013.67
0,22.7111111111111,22.7111111111111,0.71,14.1358,319,9.982,1013.99
0,27.1944444444444,27.2333333333333,0.44,10.9319,350,10.2557,1015.82
0,22.8222222222222,22.8222222222222,0.57,3.0751,218,9.982,1009.71
0,28.9333333333333,28.7833333333333,0.43,3.4454,114,16.1,1016.1
0,22.7777777777778,22.7777777777778,0.7,8.8872,314,9.982,1010.83
0,22.7277777777778,22.7277777777778,0.73,7.3255,345,9.982,1013.83
0,23.9555555555556,23.9555555555556,0.48,16.8889,12,9.982,1016.56
0,21.1277777777778,21.1277777777778,0.41,17.0982,29,16.1,1021.94
0,22.7777777777778,22.7777777777778,0.41,3.1717,154,16.1,1019.98
0,23.9111111111111,23.9111111111111,0.44,10.4167,113,16.1,1013.39
1,5.94444444444445,0.866666666666668,0.86,35.6293,290,9.9015,1011.83
1,11.2055555555556,11.2055555555556,0.79,22.057,20,9.982,1008.88
1,12.3166666666667,12.3166666666667,0.71,8.0822,22,9.982,1015.14
0,9.00555555555556,6.60555555555556,0.76,15.7619,40,10.2557,1021.62
0,10.0722222222222,10.0722222222222,0.76,21.9604,12,9.982,1022.95
0,8.86111111111111,5.02222222222222,0.57,31.1696,20,15.8263,1024.8
1,4.78888888888889,4.78888888888889,0.77,4.6851,281,9.6761,1017.44
0,9.00555555555556,7.23888888888889,0.66,11.2539,43,9.982,1029.6
0,12.15,12.15,0.47,7.5831,350,9.982,1029
0,12.2444444444444,12.2444444444444,0.47,14.2324,250,10.2557,1017.29
1,9.02777777777778,7.33333333333334,0.65,10.8353,28,9.982,1017.09
0,7.89444444444445,5.91111111111111,0.67,11.1895,232,9.982,1013.06
0,12.1722222222222,12.1722222222222,0.43,10.8675,318,10.2557,1017.5
0,12.2,12.2,0.47,23.6992,302,15.1823,1015.83
0,11.0888888888889,11.0888888888889,0.54,14.2807,273,10.2557,1010.22
2,5.1,1.8,0.92,15.6009,51,7.2128,0
0,8.95555555555556,5.18333333333333,0.45,30.5739,341,10.2557,1005.97
0,10.0222222222222,10.0222222222222,0.41,9.0482,268,10.2557,1017
0,10.9944444444444,10.9944444444444,0.51,15.4882,241,9.982,1018.24
0,9.02777777777778,7.57777777777778,0.76,9.4829,60,8.1305,1017.93
0,12.6444444444444,12.6444444444444,0.56,3.22,195,9.982,1015.5
0,17.15,17.15,0.58,9.2897,263,9.982,1013.3
1,9.88333333333333,7.5,0.71,17.4524,51,15.8263,999.25
0,17.7777777777778,17.7777777777778,0.59,20.1733,211,9.982,1019.15
0,20.9944444444444,20.9944444444444,0.46,22.2824,231,9.982,1016.35
1,6.16111111111111,4.18333333333333,0.98,9.4346,332,6.5688,1000.75
1,9.95555555555556,7.28888888888889,0.76,20.4953,189,10.2557,1008.37
1,9.86111111111111,9.86111111111111,0.79,2.5599,264,9.982,1003.65
0,12.0166666666667,12.0166666666667,0.75,12.6063,189,9.982,1001.63
0,7.87222222222222,5.09444444444445,0.82,16.6152,210,9.982,1011.8
0,11.1166666666667,11.1166666666667,0.7,13.8138,11,9.982,1012.57
0,18.7944444444444,18.7944444444444,0.61,17.1626,109,9.982,1015.52
0,21.8388888888889,21.8388888888889,0.54,8.1627,81,9.982,1017.26
0,17.7555555555556,17.7555555555556,0.73,7.7924,137,9.982,1012.61
0,18.8166666666667,18.8166666666667,0.78,10.9158,121,9.7083,1002.4
0,20.9944444444444,20.9944444444444,0.53,28.0623,211,9.982,998.15
1,15.9055555555556,15.9055555555556,0.8,30.4129,240,9.7566,1000.3
1,12.1055555555556,12.1055555555556,0.71,25.4219,339,10.2557,1011.58
0,14.8611111111111,14.8611111111111,0.47,14.49,310,10.2557,1017.93
0,13.9333333333333,13.9333333333333,0.54,20.608,290,9.982,1018.32
0,16.2222222222222,16.2222222222222,0.48,15.8907,289,9.982,1016.8
0,19,19,0.51,15.6653,130,9.982,1012.57
1,15.0277777777778,15.0277777777778,0.83,10.4972,60,9.982,1015.73
0,20.0888888888889,20.0888888888889,0.48,21.5096,21,10.2557,1015.46
0,22.2666666666667,22.2666666666667,0.39,19.7869,31,16.1,1018.55
0,23.9777777777778,23.9777777777778,0.4,9.0643,128,16.1,1018.3
0,26.0611111111111,26.0611111111111,0.44,12.4131,141,16.1,1011.49
1,13.2388888888889,13.2388888888889,0.88,17.1143,290,8.1305,1007
0,23.75,23.75,0.58,21.735,340,9.982,1006.9
0,22.8,22.8,0.53,10.9319,340,9.982,1013.75
0,26.0166666666667,26.0166666666667,0.44,3.1395,92,15.8263,1017.23
0,27.1944444444444,27.2555555555556,0.44,12.4292,131,9.982,1014.9
0,26.2055555555556,26.2055555555556,0.57,9.3219,131,16.1,1009.38
0,18.8,18.8,0.56,5.7155,64,10.2557,1009.96
0,26.0166666666667,26.0166666666667,0.45,7.3577,336,16.1,1009.42
0,24.9055555555555,24.9055555555555,0.39,21.8799,220,16.1,1012.18
0,17.7888888888889,17.7888888888889,0.6,21.8799,330,9.982,1013.89
0,21.05,21.05,0.53,17.1626,11,10.2557,1019.09
0,21.0944444444444,21.0944444444444,0.52,14.007,12,10.2557,1018.06
0,21.0222222222222,21.0222222222222,0.41,12.0106,352,16.1,1015.15
0,17.8277777777778,17.8277777777778,0.44,8.6779,292,10.5777,1017.25
0,21.0166666666667,21.0166666666667,0.41,0.1288,30,16.1,1019.32
2,11.9888888888889,11.9888888888889,0.68,2.6887,286,0,1021.96
0,9.12777777777778,7.01111111111111,0.76,13.8138,173,9.6278,1019.39
0,8.92777777777778,6.76111111111111,0.76,13.8299,172,9.5473,1019.35
0,8.72777777777778,6.51666666666667,0.76,13.8299,172,9.4668,1019.32
0,8.52777777777778,6.27777777777778,0.77,13.7977,172,9.3863,1019.29
0,8.32777777777778,6.04444444444445,0.77,13.7172,173,9.3219,1019.27
0,8.13333333333333,5.81666666666667,0.77,13.6689,174,9.2414,1019.25
0,7.93888888888889,5.57777777777778,0.78,13.685,175,9.1609,1019.24
0,7.75,5.33333333333333,0.78,13.7333,176,9.0965,1019.24
0,7.56111111111111,5.09444444444445,0.78,13.7816,176,9.016,1019.23
0,7.37777777777778,4.85555555555556,0.79,13.8621,177,8.9516,1019.24
2,10.3944444444444,10.3944444444444,0.73,4.5563,221,0,1020.37
0,7.19444444444445,4.61666666666667,0.79,13.9587,177,8.8872,1019.25
0,7.01111111111111,4.38333333333333,0.79,14.0392,176,8.8067,1019.26
0,6.83333333333333,4.16111111111111,0.79,14.0714,176,8.7423,1019.28
0,6.65555555555555,3.93888888888889,0.8,14.1036,177,8.6779,1019.31
0,6.47777777777778,3.71666666666667,0.8,14.1358,178,8.6135,1019.33
0,6.30555555555556,3.50555555555556,0.8,14.1358,179,8.5491,1019.36
0,6.13888888888889,3.3,0.81,14.1358,180,8.4847,1019.4
0,5.97222222222222,3.1,0.81,14.1197,180,8.4203,1019.43
0,5.81111111111111,2.9,0.81,14.1197,181,8.3559,1019.47
0,5.65,2.7,0.81,14.1197,181,8.2915,1019.51
0,10.5944444444444,10.5944444444444,0.73,13.2664,174,10.1913,1019.74
0,5.48888888888889,2.51111111111111,0.81,14.1036,181,8.2432,1019.55
0,10.3833333333333,10.3833333333333,0.74,13.2986,174,10.1108,1019.68
0,10.1722222222222,10.1722222222222,0.74,13.363,175,10.0303,1019.63
0,9.96111111111111,8.07222222222222,0.74,13.4596,175,9.9498,1019.58
0,9.75,7.8,0.75,13.5723,174,9.8532,1019.53
0,9.53888888888889,7.53333333333334,0.75,13.6689,173,9.7727,1019.48
0,9.33333333333333,7.27222222222222,0.75,13.7494,173,9.6922,1019.43
0,22.8,22.8,0.51,15.5848,201,9.982,1016.85
0,13.8444444444444,13.8444444444444,0.59,12.2199,51,15.8263,1021.33
0,7.82777777777778,5.79444444444444,0.95,11.4149,40,2.9141,1013.04
1,8.81666666666667,6.23888888888889,0.9,16.8889,337,3.2361,1008.48
0,11.35,11.35,0.71,13.1698,299,9.982,1019.95
0,12.3833333333333,12.3833333333333,0.68,12.2521,100,9.982,1023.22
1,14.0166666666667,14.0166666666667,0.62,18.0159,148,10.2557,1018.32
0,13.6055555555556,13.6055555555556,0.88,6.6493,337,1.288,1020.96
0,11.7944444444444,11.7944444444444,0.75,20.2538,167,9.982,1029.43
0,11.2166666666667,11.2166666666667,0.63,19.0302,133,9.982,1025.93
1,10.4,10.4,0.74,11.2539,161,9.982,1022.81
0,23.7277777777778,23.7277777777778,0.46,8.9033,134,15.1823,1015.31
0,13.15,13.15,0.63,25.5024,144,15.8263,1016.45
1,11.1555555555556,11.1555555555556,0.88,16.3898,163,9.6117,1014.23
2,12.65,12.65,0.67,11.2217,303,16.1,1017.52
0,11.4166666666667,11.4166666666667,0.75,7.8246,144,6.0053,1021.06
0,15.0055555555556,15.0055555555556,0.72,16.4381,173,8.6296,1023.74
0,17.3944444444444,17.3944444444444,0.68,18.8531,182,9.9981,1023.13
1,14.1833333333333,14.1833333333333,0.86,15.134,9,0,1021.88
0,9.99444444444445,7.73888888888889,0.65,16.5347,1,0,1029.89
2,9.86666666666666,9.86666666666666,0.59,2.254,354,0,1034.23
1,13.0555555555556,13.0555555555556,0.67,20.3826,304,0,1027.4
0,17.1277777777778,17.1277777777778,0.72,21.896,310,9.982,1018.06
2,11.2666666666667,11.2666666666667,0.56,18.9336,318,0,1025.79
2,11.4944444444444,11.4944444444444,0.69,14.0553,284,0,1023.06
1,12.2444444444444,12.2444444444444,0.86,14.0875,243,9.982,1017.41
0,12.1555555555556,12.1555555555556,0.56,16.3093,311,9.982,1019.85
1,7.75555555555556,4.58888888888889,0.84,19.6903,221,9.8532,1015.36
0,9.89444444444445,7.96666666666667,0.86,13.7011,30,9.9015,1017.14
0,11.1111111111111,11.1111111111111,0.54,9.4829,310,9.982,1018.64
0,12.8222222222222,12.8222222222222,0.51,7.6153,243,9.982,1022.62
0,26.0833333333333,26.0833333333333,0.32,7.8085,72,16.1,1021.83
0,28.9111111111111,28.5666666666667,0.41,11.914,157,16.1,1016.23
0,28.9833333333333,28.6277777777778,0.4,9.4346,51,15.5526,1017.18
0,29.9277777777778,29.3666666666667,0.38,3.1878,124,16.1,1018.84
0,28.7944444444444,28.7555555555556,0.44,3.0912,29,16.0517,1017.04
0,26.0166666666667,26.0166666666667,0.54,4.508,221,9.982,1015.52
0,27.15,27.4055555555555,0.48,9.3219,240,9.982,1016.92
0,28.8666666666667,28.7833333333333,0.43,12.3809,192,10.2074,1015.98
0,27.4277777777778,27.5055555555556,0.45,9.177,149,15.8263,1009.55
0,23.8166666666667,23.8166666666667,0.49,8.8228,263,9.982,1011.64
1,17.3222222222222,17.3222222222222,0.92,5.0876,12,8.1305,1006.55
0,27.7333333333333,27.0666666666667,0.33,6.9874,221,16.1,1019.22
0,18.8166666666667,18.8166666666667,0.67,21.9604,0,9.982,1010.3
0,10.6222222222222,10.6222222222222,0.77,3.2683,26,15.617,1017.2
0,15.6222222222222,15.6222222222222,0.61,13.5884,40,16.1,1021.15
0,18.9111111111111,18.9111111111111,0.43,10.5777,253,10.2557,1025.42
0,21.0888888888889,21.0888888888889,0.46,7.5187,213,10.2557,1027.02
1,18.9555555555556,18.9555555555556,0.52,10.7709,32,15.1823,1022.23
0,18.9111111111111,18.9111111111111,0.47,12.3487,11,16.1,1021.85
0,18.9833333333333,18.9833333333333,0.48,3.3327,82,10.2557,1025.61
0,22.2,22.2,0.33,9.3058,308,16.1,1029.31
0,22.8,22.8,0.51,8.533,262,16.1,1024.8
0,27.8,27.1166666666667,0.33,9.2736,339,16.1,1018.93
0,22.85,22.85,0.48,9.5956,183,16.1,1020.37
0,28.8166666666667,27.9611111111111,0.34,6.6493,230,16.1,1017.51
1,16.1388888888889,16.1388888888889,0.93,17.0821,348,9.9015,1013.36
0,20.0222222222222,20.0222222222222,0.68,12.4131,42,9.982,1017.23
0,26.0166666666667,26.0166666666667,0.55,9.499,79,16.1,1021.15
0,28.7666666666667,28.1555555555556,0.37,13.5884,128,16.1,1016.63
0,28.8666666666667,28.2166666666667,0.37,13.9265,61,16.1,1015.35
